N,Scenario,Output,tokens_per_second,total_tokens,total_time,mean_time_per_token,max_time_per_token,min_time_per_token,accepted_tokens,total_draft_tokens,verification_rounds,total_draft_time,total_target_time,peak_memory_MB,model_memory_MB,memory_bandwidth_GB_per_s,peak_memory_bandwidth_GB_per_s
50,Llama2 1.1b - Baseline,The first digits of pi are 3 and 1. The second digit of pi is 1. The third digit of pi is 1. The fourth digit of pi is 1. The fifth digit of pi is 1. The sixth digit of pi is 1.,19.615093155118608,50,2.5490574836730957,0.050981149673461915,0.06121397018432617,0.045140743255615234,0,0,0,0.0,0.0,2216.428032,2200.096768,43.15510305459537,48.738603073982866
50,Llama2 7b - Baseline,The first digits of pi are 3.141592653589793238462643383279502884197169399375,5.813154206176111,50,8.601182460784912,0.17202364921569824,0.44395971298217773,0.05182051658630371,0,0,0,0.0,0.0,13520.900608,13476.831232,78.34289816222638,260.067481372078
50,Llama2 1.1b -> 7b - Speculative,The first digits of pi are 3.141592653589793238462643383279502884197169399375,9.296434173803945,50,5.378406286239624,0.10756812572479248,0.32497692108154297,0.034864187240600586,45,62,14,2.640458345413208,2.737947940826416,15724.014592,15676.928,60.442000764372274,110.99402506274183
50,Llama2 1.1b -> 7b - Speculative with Adaptive K,The first digits of pi are 3.141592653589793238462643383279502884197169399375,11.417802652059327,50,4.379126310348511,0.08758252620697021,0.0561528205871582,0.03603839874267578,45,62,12,2.3929193019866943,1.9862070083618164,15724.014592,15676.928,68.07932753514791,143.57322468352822
50,Llama2 1.1b -> 7b - Speculative with KV Cache,The first digits of pi are 3.141592653589793238462643383279502884197169399375,10.278731444546244,50,4.864413499832153,0.09728826999664307,0.21549034118652344,0.031580209732055664,36,66,14,2.4500012397766113,2.414412260055542,15724.719104,15676.928,68.6376731639941,151.00721601946574
50,Llama2 1.1b -> 7b - Speculative with Full Decoder,The first digits of pi are 3.141592653589793238462643383279502884197169399375,11.849550210228104,50,4.219569444656372,0.08439138889312744,0.13924217224121094,0.029536008834838867,38,68,12,2.3845772743225098,1.8349921703338623,15725.167104,15676.928,73.78206688890117,229.7409675734327
50,Llama2 1.1b - Baseline,The first digits of pi are 3 and 1. The second digit of pi is 1. The third digit of pi is 1. The fourth digit of pi is 1. The fifth digit of pi is 1. The sixth digit of pi is 1.,26.70690538048469,50,1.8721749782562256,0.037443499565124515,0.04121828079223633,0.034628868103027344,0,0,0,0.0,0.0,2216.29696,2200.096768,58.75777621088618,63.53360327730902
50,Llama2 7b - Baseline,The first digits of pi are 3.141592653589793238462643383279502884197169399375,5.929071952342877,50,8.43302297592163,0.16866045951843261,0.25729990005493164,0.03817248344421387,0,0,0,0.0,0.0,13520.900608,13476.831232,79.9051020641097,353.0509418307915
50,Llama2 1.1b -> 7b - Speculative,The first digits of pi are 3.141592653589793238462643383279502884197169399375,9.849108227185223,50,5.07660174369812,0.1015320348739624,0.1885089874267578,0.0361330509185791,43,64,14,2.597736120223999,2.478865623474121,15724.014592,15676.928,64.90204413001372,165.81429439130807
50,Llama2 1.1b -> 7b - Speculative with Adaptive K,The first digits of pi are 3.141592653589793238462643383279502884197169399375,9.58844327475236,50,5.214610815048218,0.10429221630096436,0.08819890022277832,0.03554391860961914,42,71,15,2.8006553649902344,2.4139554500579834,15724.014592,15676.928,68.72216388111917,362.4107348992289
50,Llama2 1.1b -> 7b - Speculative with KV Cache,The first digits of pi are 3.141592653589793238462643383279502884197169399375,14.81627281104376,50,3.3746678829193115,0.06749335765838622,0.046092987060546875,0.030617952346801758,40,46,10,1.5814993381500244,1.793168544769287,15724.719104,15676.928,69.92473684369436,105.18447620516363
50,Llama2 1.1b -> 7b - Speculative with Full Decoder,The first digits of pi are 3.1415926535897932384626433832795028841971693993751,11.213436150574816,51,4.548115253448486,0.08917873045977424,0.19553470611572266,0.03011918067932129,38,66,13,2.431241273880005,2.1168739795684814,15725.298688,15676.928,70.44790530782204,185.260448956143
50,Llama2 1.1b - Baseline,The first digits of pi are 3 and 1. The second digit of pi is 1. The third digit of pi is 1. The fourth digit of pi is 1. The fifth digit of pi is 1. The sixth digit of pi is 1.,26.380328971690815,50,1.8953516483306885,0.03790703296661377,0.04366111755371094,0.03506731986999512,0,0,0,0.0,0.0,2216.29696,2200.096768,58.03927650939372,62.739233456004236
50,Llama2 7b - Baseline,The first digits of pi are 3.141592653589793238462643383279502884197169399375,6.477232217672599,50,7.719346523284912,0.15438693046569824,0.2571399211883545,0.03869485855102539,0,0,0,0.0,0.0,13520.900608,13476.831232,87.2925654480467,348.28480414855716
50,Llama2 1.1b -> 7b - Speculative,The first digits of pi are 3.141592653589793238462643383279502884197169399375,13.09025875075301,50,3.819634199142456,0.07639268398284912,0.054826974868774414,0.03557014465332031,48,52,12,2.0005035400390625,1.8191306591033936,15724.014592,15676.928,72.2914793207143,186.70641461423182
50,Llama2 1.1b -> 7b - Speculative with Adaptive K,The first digits of pi are 3.141592653589793238462643383279502884197169399375,11.480178830376639,50,4.355332851409912,0.08710665702819824,0.05812549591064453,0.03556394577026367,45,66,13,2.55108904838562,1.804243803024292,15724.014592,15676.928,73.56617820846417,315.53874960898133
50,Llama2 1.1b -> 7b - Speculative with KV Cache,The first digits of pi are 3.141592653589793238462643383279502884197169399375,11.692978794309875,50,4.2760703563690186,0.08552140712738038,0.13351655006408691,0.03152894973754883,36,64,14,2.23362398147583,2.0424463748931885,15724.847104,15676.928,77.05248111955204,336.0917504649764
50,Llama2 1.1b -> 7b - Speculative with Full Decoder,The first digits of pi are 3.141592653589793238462643383279502884197169399375,13.499371072745006,50,3.703876256942749,0.07407752513885497,0.18743491172790527,0.0315403938293457,41,53,9,1.9845755100250244,1.7193007469177246,15724.975104,15676.928,64.22909225060462,98.80255046005581
50,Llama2 1.1b - Baseline,The first digits of pi are 3 and 1. The second digit of pi is 1. The third digit of pi is 1. The fourth digit of pi is 1. The fifth digit of pi is 1. The sixth digit of pi is 1.,26.050946591976963,50,1.919316053390503,0.03838632106781006,0.04665207862854004,0.03462386131286621,0,0,0,0.0,0.0,2216.29696,2200.096768,57.314603400349135,63.54279056629784
50,Llama2 7b - Baseline,The first digits of pi are 3.141592653589793238462643383279502884197169399375,5.968990028439023,50,8.37662649154663,0.1675325298309326,0.2539241313934326,0.06995749473571777,0,0,0,0.0,0.0,13520.900608,13476.831232,80.4430712387636,192.64313684919904
50,Llama2 1.1b -> 7b - Speculative,The first digits of pi are 3.141592653589793238462643383279502884197169399375,10.000989535011538,50,4.999505281448364,0.09999010562896729,0.060183048248291016,0.03554868698120117,45,64,14,2.468348979949951,2.531156301498413,15724.014592,15676.928,65.90288675613692,159.86743351915416
50,Llama2 1.1b -> 7b - Speculative with Adaptive K,The first digits of pi are 3.141592653589793238462643383279502884197169399375,12.228585316451918,50,4.088780403137207,0.08177560806274414,0.1382451057434082,0.035153865814208984,45,58,12,2.307286500930786,1.781493902206421,15724.014592,15676.928,70.7613417208728,169.85413410730015
50,Llama2 1.1b -> 7b - Speculative with KV Cache,The first digits of pi are 3.141592653589793238462643383279502884197169399375,12.193275869587337,50,4.100620746612549,0.08201241493225098,0.32956552505493164,0.03108978271484375,39,55,11,2.172193765640259,1.92842698097229,15724.975104,15676.928,65.66090414833488,110.51919638309016
50,Llama2 1.1b -> 7b - Speculative with Full Decoder,The first digits of pi are 3.141592653589793238462643383279502884197169399375,9.149140555732703,50,5.464994192123413,0.10929988384246826,0.234541654586792,0.03170204162597656,34,78,16,2.8469223976135254,2.6180717945098877,15724.847104,15676.928,70.8576869439526,126.25341653385061
50,Llama2 1.1b - Baseline,The first digits of pi are 3 and 1. The second digit of pi is 1. The third digit of pi is 1. The fourth digit of pi is 1. The fifth digit of pi is 1. The sixth digit of pi is 1.,25.988871818964007,50,1.9239003658294678,0.038478007316589354,0.04816031455993652,0.03557777404785156,0,0,0,0.0,0.0,2216.29696,2200.096768,57.17803289286899,61.83907866301313
50,Llama2 7b - Baseline,The first digits of pi are 3.141592653589793238462643383279502884197169399375,6.230403651577824,50,8.02516222000122,0.16050324440002442,0.23864960670471191,0.039658308029174805,0,0,0,0.0,0.0,13520.900608,13476.831232,83.96609851955085,339.8236561702459
50,Llama2 1.1b -> 7b - Speculative,The first digits of pi are 3.141592653589793238462643383279502884197169399375,12.169306949882452,50,4.108697414398193,0.08217394828796387,0.18619585037231445,0.035552263259887695,46,57,13,2.316602945327759,1.7920944690704346,15724.014592,15676.928,73.16292524696173,372.83034531143454
50,Llama2 1.1b -> 7b - Speculative with Adaptive K,The first digits of pi are 3.141592653589793238462643383279502884197169399375,11.252490647078629,50,4.443460702896118,0.08886921405792236,0.05763959884643555,0.036124467849731445,45,67,12,2.56844425201416,1.875016450881958,15724.014592,15676.928,69.56930170182872,197.5256915249765
50,Llama2 1.1b -> 7b - Speculative with KV Cache,The first digits of pi are 3.141592653589793238462643383279502884197169399375,13.200937381167915,50,3.787609815597534,0.07575219631195068,0.1973729133605957,0.0305478572845459,39,53,11,1.9460716247558594,1.8415381908416748,15724.847104,15676.928,69.92543718873459,106.82785008571135
50,Llama2 1.1b -> 7b - Speculative with Full Decoder,The first digits of pi are 3.141592653589793238462643383279502884197169399375,13.372073189992802,50,3.739135980606079,0.07478271961212159,0.056635141372680664,0.03108811378479004,38,63,12,2.150563955307007,1.5885720252990723,15724.847104,15676.928,80.32017897335727,335.85212139616254
100,Llama2 1.1b - Baseline,The first digits of pi are 3 and 1. The second digit of pi is 1. The third digit of pi is 1. The fourth digit of pi is 1. The fifth digit of pi is 1. The sixth digit of pi is 1. The seventh digit of pi is 1. The eighth digit of pi is 1. The ninth digit of pi is 1. The tenth digit of pi is 1. The eleventh digit of pi is 1,24.758512792978113,100,4.03901481628418,0.040390148162841796,0.07525372505187988,0.03454780578613281,0,0,0,0.0,0.0,2222.194176,2200.096768,54.47112397631779,63.682677320222155
100,Llama2 7b - Baseline,The first digits of pi are 3.14159265358979323846264338327950288419716939937510582097494459230781640628620899862803482534211706,5.750686933795826,100,17.38922691345215,0.1738922691345215,0.2650470733642578,0.03962230682373047,0,0,0,0.0,0.0,13552.082432,13476.831232,77.5010372748339,340.1324231815927
100,Llama2 1.1b -> 7b - Speculative,The first digits of pi are 3.14159265358979323846264338327950288419716939937510582097494459230781640628620899862803482534211706,11.59518530038324,100,8.624269247055054,0.08624269247055054,0.04459238052368164,0.03413867950439453,92,149,16,5.7442946434021,2.879974603652954,15754.96448,15676.928,63.01330612208921,127.42458266446017
100,Llama2 1.1b -> 7b - Speculative with Adaptive K,The first digits of pi are 3.14159265358979323846264338327950288419716939937510582097494459230781640628620899862803482534211706,12.177815034429305,100,8.211653709411621,0.0821165370941162,0.11733055114746094,0.03457069396972656,94,150,12,5.811358451843262,2.4002952575683594,15754.96448,15676.928,59.8827602070465,140.38197960478254
100,Llama2 1.1b -> 7b - Speculative with KV Cache,The first digits of pi are 3.14159265358979323846264338327950288419716939937510582097494459230781640628620899862803482534211706,13.052442556143996,100,7.661401271820068,0.07661401271820069,0.07338881492614746,0.03116750717163086,86,134,14,4.633042335510254,3.0283589363098145,15756.921344,15676.928,63.107072323486435,123.91851686865078
100,Llama2 1.1b -> 7b - Speculative with Full Decoder,The first digits of pi are 3.14159265358979323846264338327950288419716939937510582097494459230781640628620899862803482534211706,14.43287191407028,100,6.928627967834473,0.06928627967834472,0.04063582420349121,0.031139373779296875,88,133,12,4.524741172790527,2.4038867950439453,15756.793344,15676.928,65.57356622944808,122.52924644113388
100,Llama2 1.1b - Baseline,The first digits of pi are 3 and 1. The second digit of pi is 1. The third digit of pi is 1. The fourth digit of pi is 1. The fifth digit of pi is 1. The sixth digit of pi is 1. The seventh digit of pi is 1. The eighth digit of pi is 1. The ninth digit of pi is 1. The tenth digit of pi is 1. The eleventh digit of pi is 1,26.104376578814442,100,3.830775260925293,0.038307752609252926,0.054128408432006836,0.03516817092895508,0,0,0,0.0,0.0,2222.194176,2200.096768,57.43215454170455,62.55931741359315
100,Llama2 7b - Baseline,The first digits of pi are 3.14159265358979323846264338327950288419716939937510582097494459230781640628620899862803482534211706,5.9865566299128155,100,16.70409321784973,0.1670409321784973,0.2772231101989746,0.03762555122375488,0,0,0,0.0,0.0,13552.082432,13476.831232,80.6798133621457,358.1829579546839
100,Llama2 1.1b -> 7b - Speculative,The first digits of pi are 3.14159265358979323846264338327950288419716939937510582097494459230781640628620899862803482534211706,11.481294114681056,100,8.709819555282593,0.08709819555282593,0.19245362281799316,0.035552263259887695,93,143,16,5.667697191238403,3.0421223640441895,15754.96448,15676.928,60.878774143420934,165.12550250701105
100,Llama2 1.1b -> 7b - Speculative with Adaptive K,The first digits of pi are 3.14159265358979323846264338327950288419716939937510582097494459230781640628620899862803482534211706,12.585638175085105,100,7.94556450843811,0.0794556450843811,0.14380979537963867,0.03590059280395508,93,139,12,5.4997313022613525,2.445833206176758,15754.96448,15676.928,58.84231699830541,206.4640246901813
100,Llama2 1.1b -> 7b - Speculative with KV Cache,The first digits of pi are 3.14159265358979323846264338327950288419716939937510582097494459230781640628620899862803482534211706,13.102562511780986,100,7.632094860076904,0.07632094860076905,0.09040689468383789,0.03149080276489258,85,142,15,4.875388860702515,2.7567059993743896,15756.921344,15676.928,67.42135926895634,198.98380748505676
100,Llama2 1.1b -> 7b - Speculative with Full Decoder,The first digits of pi are 3.14159265358979323846264338327950288419716939937510582097494459230781640628620899862803482534211706,12.031295393764879,100,8.311656951904297,0.08311656951904296,0.38676929473876953,0.032090187072753906,87,153,13,5.65217661857605,2.659480333328247,15757.113344,15676.928,61.57780746746743,108.78655118840989
100,Llama2 1.1b - Baseline,The first digits of pi are 3 and 1. The second digit of pi is 1. The third digit of pi is 1. The fourth digit of pi is 1. The fifth digit of pi is 1. The sixth digit of pi is 1. The seventh digit of pi is 1. The eighth digit of pi is 1. The ninth digit of pi is 1. The tenth digit of pi is 1. The eleventh digit of pi is 1,25.985614529180555,100,3.848283052444458,0.03848283052444458,0.04616570472717285,0.034636497497558594,0,0,0,0.0,0.0,2222.194176,2200.096768,57.170866540143976,63.51960870625204
100,Llama2 7b - Baseline,The first digits of pi are 3.14159265358979323846264338327950288419716939937510582097494459230781640628620899862803482534211706,6.136832191985761,100,16.29505205154419,0.1629505205154419,0.283827543258667,0.03407144546508789,0,0,0,0.0,0.0,13552.082432,13476.831232,82.70505175049672,395.54621320100296
100,Llama2 1.1b -> 7b - Speculative,The first digits of pi are 3.14159265358979323846264338327950288419716939937510582097494459230781640628620899862803482534211706,11.016161460112896,100,9.077572107315063,0.09077572107315063,0.1680464744567871,0.03506946563720703,93,151,16,5.923525333404541,3.1540467739105225,15754.96448,15676.928,60.35136986006709,126.51678240522874
100,Llama2 1.1b -> 7b - Speculative with Adaptive K,The first digits of pi are 3.14159265358979323846264338327950288419716939937510582097494459230781640628620899862803482534211706,11.52673797776089,100,8.67548131942749,0.0867548131942749,0.23610472679138184,0.03506779670715332,92,157,14,6.134675979614258,2.5408053398132324,15754.96448,15676.928,61.56325051706129,389.7802175127743
100,Llama2 1.1b -> 7b - Speculative with KV Cache,The first digits of pi are 3.14159265358979323846264338327950288419716939937510582097494459230781640628620899862803482534211706,13.185863980097515,100,7.583879232406616,0.07583879232406616,0.20544886589050293,0.030640602111816406,86,139,14,4.904436349868774,2.679442882537842,15757.305344,15676.928,65.20265854010471,133.4156129552107
100,Llama2 1.1b -> 7b - Speculative with Full Decoder,The first digits of pi are 3.14159265358979323846264338327950288419716939937510582097494459230781640628620899862803482534211706,11.478213076294729,100,8.712157487869263,0.08712157487869263,0.20415449142456055,0.03110194206237793,85,171,15,5.931126832962036,2.7810306549072266,15757.497344,15676.928,66.38642800171098,203.4770595525649
100,Llama2 1.1b - Baseline,The first digits of pi are 3 and 1. The second digit of pi is 1. The third digit of pi is 1. The fourth digit of pi is 1. The fifth digit of pi is 1. The sixth digit of pi is 1. The seventh digit of pi is 1. The eighth digit of pi is 1. The ninth digit of pi is 1. The tenth digit of pi is 1. The eleventh digit of pi is 1,26.931107463767958,100,3.7131781578063965,0.03713178157806397,0.04212069511413574,0.0335695743560791,0,0,0,0.0,0.0,2222.194176,2200.096768,59.25104248969656,65.53841715903631
100,Llama2 7b - Baseline,The first digits of pi are 3.14159265358979323846264338327950288419716939937510582097494459230781640628620899862803482534211706,7.835142175387052,100,12.763010263442993,0.12763010263442992,0.4140324592590332,0.03305649757385254,0,0,0,0.0,0.0,13552.082432,13476.831232,105.59288877641663,407.6908390518686
100,Llama2 1.1b -> 7b - Speculative,The first digits of pi are 3.14159265358979323846264338327950288419716939937510582097494459230781640628620899862803482534211706,12.558595419618763,100,7.962673902511597,0.07962673902511597,0.0666801929473877,0.03521084785461426,94,139,16,5.283783197402954,2.6788907051086426,15754.96448,15676.928,65.485885375706,347.53106144299124
100,Llama2 1.1b -> 7b - Speculative with Adaptive K,The first digits of pi are 3.14159265358979323846264338327950288419716939937510582097494459230781640628620899862803482534211706,14.665446289737934,100,6.818749189376831,0.06818749189376831,0.10077643394470215,0.035550832748413086,98,117,9,4.513823747634888,2.3049254417419434,15754.96448,15676.928,55.53845616348441,104.96883418019344
100,Llama2 1.1b -> 7b - Speculative with KV Cache,The first digits of pi are 3.14159265358979323846264338327950288419716939937510582097494459230781640628620899862803482534211706,12.078543662440865,100,8.279143810272217,0.08279143810272217,0.11090850830078125,0.03008890151977539,84,155,16,5.236570596694946,3.0425732135772705,15756.985344,15676.928,67.2345246692481,175.70241625699387
100,Llama2 1.1b -> 7b - Speculative with Full Decoder,The first digits of pi are 3.14159265358979323846264338327950288419716939937510582097494459230781640628620899862803482534211706,11.195566471286961,100,8.932107210159302,0.08932107210159301,0.08876943588256836,0.031542062759399414,83,177,17,6.039160966873169,2.892946243286133,15756.793344,15676.928,69.24718258828072,389.7237825421952
100,Llama2 1.1b - Baseline,The first digits of pi are 3 and 1. The second digit of pi is 1. The third digit of pi is 1. The fourth digit of pi is 1. The fifth digit of pi is 1. The sixth digit of pi is 1. The seventh digit of pi is 1. The eighth digit of pi is 1. The ninth digit of pi is 1. The tenth digit of pi is 1. The eleventh digit of pi is 1,26.834465675518306,100,3.726550817489624,0.03726550817489624,0.049185752868652344,0.03454995155334473,0,0,0,0.0,0.0,2222.194176,2200.096768,59.03842120371476,63.67872222926495
100,Llama2 7b - Baseline,The first digits of pi are 3.14159265358979323846264338327950288419716939937510582097494459230781640628620899862803482534211706,8.400069558910351,100,11.904663324356079,0.1190466332435608,0.276958703994751,0.03253340721130371,0,0,0,0.0,0.0,13552.082432,13476.831232,113.20631978249547,414.2459209534464
100,Llama2 1.1b -> 7b - Speculative,The first digits of pi are 3.14159265358979323846264338327950288419716939937510582097494459230781640628620899862803482534211706,10.10800441702719,100,9.893149614334106,0.09893149614334107,0.13770294189453125,0.03510737419128418,90,157,19,6.100531101226807,3.7926185131073,15754.96448,15676.928,60.797118150576395,181.34721573212232
100,Llama2 1.1b -> 7b - Speculative with Adaptive K,The first digits of pi are 3.14159265358979323846264338327950288419716939937510582097494459230781640628620899862803482534211706,13.700287142954389,100,7.299117088317871,0.0729911708831787,0.3337123394012451,0.03461265563964844,93,124,12,4.945605278015137,2.3535118103027344,15754.96448,15676.928,59.53240217388281,106.7010101625312
100,Llama2 1.1b -> 7b - Speculative with KV Cache,The first digits of pi are 3.14159265358979323846264338327950288419716939937510582097494459230781640628620899862803482534211706,15.19041547736821,100,6.583098411560059,0.06583098411560058,0.16004085540771484,0.030658483505249023,87,123,13,4.250132083892822,2.3329663276672363,15756.857344,15676.928,67.7204988607108,401.4539970292006
100,Llama2 1.1b -> 7b - Speculative with Full Decoder,The first digits of pi are 3.14159265358979323846264338327950288419716939937510582097494459230781640628620899862803482534211706,10.846234046214228,100,9.219789981842041,0.09219789981842041,0.17545866966247559,0.030119895935058594,84,182,16,6.312188148498535,2.907601833343506,15756.921344,15676.928,66.81788985446268,142.2963066342662
200,Llama2 1.1b - Baseline,The first digits of pi are 3 and 1. The second digit of pi is 1. The third digit of pi is 1. The fourth digit of pi is 1. The fifth digit of pi is 1. The sixth digit of pi is 1. The seventh digit of pi is 1. The eighth digit of pi is 1. The ninth digit of pi is 1. The tenth digit of pi is 1. The eleventh digit of pi is 1. The twelfth digit of pi is 1. The thirteenth digit of pi is 1. The fourteenth digit of pi is 1. The fifteenth digit of pi is 1. The sixteenth digit of pi is 1. The seventeenth digit of pi is 1. The eighteenth digit of pi is 1. The nineteenth digit of pi is 1. The twentieth digit of pi is 1. The twenty-first,26.834153217027588,200,7.453188419342041,0.037265942096710206,0.053652048110961914,0.03355073928833008,0,0,0,0.0,0.0,2240.270848,2200.096768,59.0377337647992,65.57520980663628
200,Llama2 7b - Baseline,The first digits of pi are 3.141592653589793238462643383279502884197169399375105820974944592307816406286208998628034825342117067982148086513282306647093844609550582231725359408128481117450284102701938521105559644622948954930381,5.726297077136546,200,34.92658472061157,0.17463292360305785,0.7623090744018555,0.03360414505004883,0,0,0,0.0,0.0,13618.140672,13476.831232,77.17233929286412,401.04669266032755
200,Llama2 1.1b -> 7b - Speculative,The first digits of pi are 3.141592653589793238462643383279502884197169399375105820974944592307816406286208998628034825342117067982148086513282306647093844609550582231725359408128481117450284102701938521105559644622948954930381,11.478340922519152,200,17.424120903015137,0.08712060451507568,0.151824951171875,0.03409433364868164,191,327,18,13.69167184829712,3.7324490547180176,15836.664832,15676.928,55.211658061069194,384.3993685392896
200,Llama2 1.1b -> 7b - Speculative with Adaptive K,The first digits of pi are 3.141592653589793238462643383279502884197169399375105820974944592307816406286208998628034825342117067982148086513282306647093844609550582231725359408128481117450284102701938521105559644622948954930381,8.700577742662222,200,22.986979246139526,0.11493489623069764,0.169480562210083,0.03507637977600098,188,405,18,17.424296140670776,5.56268310546875,15837.36832,15676.928,49.315838374299766,165.71755666612682
200,Llama2 1.1b -> 7b - Speculative with KV Cache,The first digits of pi are 3.1415926535897932384626433832795028841971693993751058209749445923078164062862089986280348253421170679821480865132823066470938446095505822317253594081284811174502841027019385211055596446229489549303819,10.557000054472063,201,19.039499759674072,0.09472387940136355,0.07514309883117676,0.02956104278564453,181,354,20,12.099867582321167,6.939632177352905,15841.2416,15676.928,55.06294250085626,157.78787166062563
200,Llama2 1.1b -> 7b - Speculative with Full Decoder,The first digits of pi are 3.1415926535897932384626433832795028841971693993751058209749445923078164062862089986280348253421170679821480865132823066470938446095505822317253594081284811174502841027019385211055596446229489549303819,9.626315598967185,201,20.880262851715088,0.10388190473490093,0.10507011413574219,0.031076908111572266,181,418,20,14.443288564682007,6.436974287033081,15841.2416,15676.928,56.952208030576685,343.0075375084349
200,Llama2 1.1b - Baseline,The first digits of pi are 3 and 1. The second digit of pi is 1. The third digit of pi is 1. The fourth digit of pi is 1. The fifth digit of pi is 1. The sixth digit of pi is 1. The seventh digit of pi is 1. The eighth digit of pi is 1. The ninth digit of pi is 1. The tenth digit of pi is 1. The eleventh digit of pi is 1. The twelfth digit of pi is 1. The thirteenth digit of pi is 1. The fourteenth digit of pi is 1. The fifteenth digit of pi is 1. The sixteenth digit of pi is 1. The seventeenth digit of pi is 1. The eighteenth digit of pi is 1. The nineteenth digit of pi is 1. The twentieth digit of pi is 1. The twenty-first,26.99244195613705,200,7.409481525421143,0.03704740762710571,0.04233241081237793,0.0340418815612793,0,0,0,0.0,0.0,2240.270848,2200.096768,59.38598430812472,64.62911763674323
200,Llama2 7b - Baseline,The first digits of pi are 3.141592653589793238462643383279502884197169399375105820974944592307816406286208998628034825342117067982148086513282306647093844609550582231725359408128481117450284102701938521105559644622948954930381,5.251512633398504,200,38.08426523208618,0.19042132616043092,0.7494428157806396,0.03310847282409668,0,0,0,0.0,0.0,13618.140672,13476.831232,70.77374947302752,407.05082664493744
200,Llama2 1.1b -> 7b - Speculative,The first digits of pi are 3.141592653589793238462643383279502884197169399375105820974944592307816406286208998628034825342117067982148086513282306647093844609550582231725359408128481117450284102701938521105559644622948954930381,7.510236566406844,200,26.630319595336914,0.13315159797668458,0.2097949981689453,0.03615236282348633,187,363,21,17.781078100204468,8.849241495132446,15837.11232,15676.928,40.61718368732613,122.72424275597443
200,Llama2 1.1b -> 7b - Speculative with Adaptive K,The first digits of pi are 3.141592653589793238462643383279502884197169399375105820974944592307816406286208998628034825342117067982148086513282306647093844609550582231725359408128481117450284102701938521105559644622948954930381,9.140830826261517,200,21.879849195480347,0.10939924597740174,0.2484884262084961,0.03604745864868164,187,359,18,16.33465051651001,5.545198678970337,15837.36832,15676.928,47.18577777497952,117.45378732891825
200,Llama2 1.1b -> 7b - Speculative with KV Cache,The first digits of pi are 3.1415926535897932384626433832795028841971693993751058209749445923078164062862089986280348253421170679821480865132823066470938446095505822317253594081284811174502841027019385211055596446229489549303819,13.370054820461178,201,15.03359580039978,0.07479400895721283,0.09435200691223145,0.032090187072753906,186,269,15,10.238998413085938,4.794597387313843,15841.1776,15676.928,52.81361223313495,150.9725306445908
200,Llama2 1.1b -> 7b - Speculative with Full Decoder,The first digits of pi are 3.1415926535897932384626433832795028841971693993751058209749445923078164062862089986280348253421170679821480865132823066470938446095505822317253594081284811174502841027019385211055596446229489549303819,9.413517819076711,201,21.352272748947144,0.10623021268132907,0.10132694244384766,0.03154611587524414,181,394,20,14.900222778320312,6.452049970626831,15841.2416,15676.928,53.22031825806616,344.11634407845014
200,Llama2 1.1b - Baseline,The first digits of pi are 3 and 1. The second digit of pi is 1. The third digit of pi is 1. The fourth digit of pi is 1. The fifth digit of pi is 1. The sixth digit of pi is 1. The seventh digit of pi is 1. The eighth digit of pi is 1. The ninth digit of pi is 1. The tenth digit of pi is 1. The eleventh digit of pi is 1. The twelfth digit of pi is 1. The thirteenth digit of pi is 1. The fourteenth digit of pi is 1. The fifteenth digit of pi is 1. The sixteenth digit of pi is 1. The seventeenth digit of pi is 1. The eighteenth digit of pi is 1. The nineteenth digit of pi is 1. The twentieth digit of pi is 1. The twenty-first,24.376091530529468,200,8.204760789871216,0.04102380394935608,0.05756068229675293,0.03523373603820801,0,0,0,0.0,0.0,2240.270848,2200.096768,53.62976019279005,62.44290317706249
200,Llama2 7b - Baseline,The first digits of pi are 3.141592653589793238462643383279502884197169399375105820974944592307816406286208998628034825342117067982148086513282306647093844609550582231725359408128481117450284102701938521105559644622948954930381,4.841545530027123,200,41.309123039245605,0.20654561519622802,0.7342040538787842,0.03412890434265137,0,0,0,0.0,0.0,13618.140672,13476.831232,65.24869201021953,394.88027792201393
200,Llama2 1.1b -> 7b - Speculative,The first digits of pi are 3.141592653589793238462643383279502884197169399375105820974944592307816406286208998628034825342117067982148086513282306647093844609550582231725359408128481117450284102701938521105559644622948954930381,9.517851599445944,200,21.013145446777344,0.10506572723388671,0.11196184158325195,0.03606772422790527,187,325,20,14.219767332077026,6.793378114700317,15836.664832,15676.928,46.85486410084299,382.8528564906297
200,Llama2 1.1b -> 7b - Speculative with Adaptive K,The first digits of pi are 3.141592653589793238462643383279502884197169399375105820974944592307816406286208998628034825342117067982148086513282306647093844609550582231725359408128481117450284102701938521105559644622948954930381,7.557535179542237,200,26.46365451812744,0.13231827259063722,0.1154475212097168,0.034586191177368164,184,424,21,18.944679975509644,7.518974542617798,15837.04832,15676.928,45.94431523700353,344.64296820192624
200,Llama2 1.1b -> 7b - Speculative with KV Cache,The first digits of pi are 3.141592653589793238462643383279502884197169399375105820974944592307816406286208998628034825342117067982148086513282306647093844609550582231725359408128481117450284102701938521105559644622948954930381,12.516142572284624,200,15.979364156723022,0.07989682078361511,0.0606536865234375,0.030097484588623047,182,325,18,11.145175218582153,4.834188938140869,15841.945088,15676.928,59.92819253531445,400.78508730769386
200,Llama2 1.1b -> 7b - Speculative with Full Decoder,The first digits of pi are 3.141592653589793238462643383279502884197169399375105820974944592307816406286208998628034825342117067982148086513282306647093844609550582231725359408128481117450284102701938521105559644622948954930381,10.480814496669565,200,19.082486391067505,0.09541243195533752,0.09737873077392578,0.030550718307495117,182,378,18,13.047436952590942,6.0350494384765625,15841.945088,15676.928,56.293478662342515,87.1169608179729
200,Llama2 1.1b - Baseline,The first digits of pi are 3 and 1. The second digit of pi is 1. The third digit of pi is 1. The fourth digit of pi is 1. The fifth digit of pi is 1. The sixth digit of pi is 1. The seventh digit of pi is 1. The eighth digit of pi is 1. The ninth digit of pi is 1. The tenth digit of pi is 1. The eleventh digit of pi is 1. The twelfth digit of pi is 1. The thirteenth digit of pi is 1. The fourteenth digit of pi is 1. The fifteenth digit of pi is 1. The sixteenth digit of pi is 1. The seventeenth digit of pi is 1. The eighteenth digit of pi is 1. The nineteenth digit of pi is 1. The twentieth digit of pi is 1. The twenty-first,26.549540659456337,200,7.5330870151519775,0.03766543507575989,0.04609394073486328,0.03506946563720703,0,0,0,0.0,0.0,2240.270848,2200.096768,58.411558596754475,62.73539468094439
200,Llama2 7b - Baseline,The first digits of pi are 3.141592653589793238462643383279502884197169399375105820974944592307816406286208998628034825342117067982148086513282306647093844609550582231725359408128481117450284102701938521105559644622948954930381,5.823098724954594,200,34.34597444534302,0.1717298722267151,0.7717001438140869,0.03303337097167969,0,0,0,0.0,0.0,13618.140672,13476.831232,78.47691876348745,407.9762626573599
200,Llama2 1.1b -> 7b - Speculative,The first digits of pi are 3.141592653589793238462643383279502884197169399375105820974944592307816406286208998628034825342117067982148086513282306647093844609550582231725359408128481117450284102701938521105559644622948954930381,8.970470289229967,200,22.295375108718872,0.11147687554359437,0.1267557144165039,0.03554129600524902,187,364,20,16.22892427444458,6.066450834274292,15837.11232,15676.928,48.008694313172526,141.67751229072056
200,Llama2 1.1b -> 7b - Speculative with Adaptive K,The first digits of pi are 3.141592653589793238462643383279502884197169399375105820974944592307816406286208998628034825342117067982148086513282306647093844609550582231725359408128481117450284102701938521105559644622948954930381,8.893280596792987,200,22.48888897895813,0.11244444489479065,0.11977243423461914,0.03525805473327637,190,357,17,16.156954765319824,6.331934213638306,15836.664832,15676.928,45.112974592442576,372.6460045864045
200,Llama2 1.1b -> 7b - Speculative with KV Cache,The first digits of pi are 3.141592653589793238462643383279502884197169399375105820974944592307816406286208998628034825342117067982148086513282306647093844609550582231725359408128481117450284102701938521105559644622948954930381,9.52170736311296,200,21.00463628768921,0.10502318143844605,0.24987173080444336,0.03153276443481445,179,400,21,13.958720445632935,7.045915842056274,15841.753088,15676.928,55.37121172403558,372.07692959256536
200,Llama2 1.1b -> 7b - Speculative with Full Decoder,The first digits of pi are 3.1415926535897932384626433832795028841971693993751058209749445923078164062862089986280348253421170679821480865132823066470938446095505822317253594081284811174502841027019385211055596446229489549303819,9.075698521513555,201,22.147055625915527,0.11018435634783845,0.048635005950927734,0.031070709228515625,180,443,21,15.269431829452515,6.877623796463013,15841.945088,15676.928,56.78661513020019,335.955918692587
200,Llama2 1.1b - Baseline,The first digits of pi are 3 and 1. The second digit of pi is 1. The third digit of pi is 1. The fourth digit of pi is 1. The fifth digit of pi is 1. The sixth digit of pi is 1. The seventh digit of pi is 1. The eighth digit of pi is 1. The ninth digit of pi is 1. The tenth digit of pi is 1. The eleventh digit of pi is 1. The twelfth digit of pi is 1. The thirteenth digit of pi is 1. The fourteenth digit of pi is 1. The fifteenth digit of pi is 1. The sixteenth digit of pi is 1. The seventeenth digit of pi is 1. The eighteenth digit of pi is 1. The nineteenth digit of pi is 1. The twentieth digit of pi is 1. The twenty-first,26.879075006441315,200,7.44073224067688,0.0372036612033844,0.044620513916015625,0.03458595275878906,0,0,0,0.0,0.0,2240.270848,2200.096768,59.136566048501116,63.61243778200981
200,Llama2 7b - Baseline,The first digits of pi are 3.141592653589793238462643383279502884197169399375105820974944592307816406286208998628034825342117067982148086513282306647093844609550582231725359408128481117450284102701938521105559644622948954930381,5.621857608198825,200,35.57542967796326,0.17787714838981628,0.6361527442932129,0.03368949890136719,0,0,0,0.0,0.0,13618.140672,13476.831232,75.76482619603074,400.03062293850513
200,Llama2 1.1b -> 7b - Speculative,The first digits of pi are 3.141592653589793238462643383279502884197169399375105820974944592307816406286208998628034825342117067982148086513282306647093844609550582231725359408128481117450284102701938521105559644622948954930381,9.513304324016445,200,21.023189544677734,0.10511594772338867,0.12912535667419434,0.03509807586669922,188,342,19,14.382903575897217,6.640285968780518,15836.164608,15676.928,47.97049876379542,162.76758564761153
200,Llama2 1.1b -> 7b - Speculative with Adaptive K,The first digits of pi are 3.141592653589793238462643383279502884197169399375105820974944592307816406286208998628034825342117067982148086513282306647093844609550582231725359408128481117450284102701938521105559644622948954930381,8.647369105968899,200,23.128421783447266,0.11564210891723632,0.11985349655151367,0.03507661819458008,185,398,20,17.49652671813965,5.631895065307617,15836.664832,15676.928,49.51376055946836,348.03390785150714
200,Llama2 1.1b -> 7b - Speculative with KV Cache,The first digits of pi are 3.1415926535897932384626433832795028841971693993751058209749445923078164062862089986280348253421170679821480865132823066470938446095505822317253594081284811174502841027019385211055596446229489549303819,12.277130637941942,201,16.371903657913208,0.08145225700454332,0.19246339797973633,0.031081438064575195,183,285,18,9.997949123382568,6.37395453453064,15841.2416,15676.928,53.11603092873575,200.23495435214747
200,Llama2 1.1b -> 7b - Speculative with Full Decoder,The first digits of pi are 3.1415926535897932384626433832795028841971693993751058209749445923078164062862089986280348253421170679821480865132823066470938446095505822317253594081284811174502841027019385211055596446229489549303819,13.803805209831223,201,14.56120228767395,0.0724437924759898,0.12582755088806152,0.031044483184814453,187,305,14,10.393350839614868,4.167851448059082,15841.945088,15676.928,59.04080820412336,370.4553340348169
400,Llama2 1.1b - Baseline,The first digits of pi are 3 and 1. The second digit of pi is 1. The third digit of pi is 1. The fourth digit of pi is 1. The fifth digit of pi is 1. The sixth digit of pi is 1. The seventh digit of pi is 1. The eighth digit of pi is 1. The ninth digit of pi is 1. The tenth digit of pi is 1. The eleventh digit of pi is 1. The twelfth digit of pi is 1. The thirteenth digit of pi is 1. The fourteenth digit of pi is 1. The fifteenth digit of pi is 1. The sixteenth digit of pi is 1. The seventeenth digit of pi is 1. The eighteenth digit of pi is 1. The nineteenth digit of pi is 1. The twentieth digit of pi is 1. The twenty-first digit of pi is 1. The twenty-second digit of pi is 1. The twenty-third digit of pi is 1. The twenty-fourth digit of pi is 1. The twenty-fifth digit of pi is 1. The twenty-sixth digit of pi is 1. The twenty-seventh digit of pi is 1. The twenty-eighth digit of pi is 1. The twenty-ninth digit of pi is 1. The thirtieth digit of pi is 1. The thirty-first digit of pi is 1. The thirty-second digit of pi is 1. The thirty-third digit of pi is 1. The thirty-fourth digit of pi is 1. The thirty-fifth digit of pi is 1. The thirty-sixth digit of pi is 1. The thirty-seventh digit of pi is 1. The thirty-e,27.256447637873457,400,14.675426721572876,0.03668856680393219,0.05918002128601074,0.0335845947265625,0,0,0,0.0,0.0,2294.380544,2200.096768,59.96682235524662,65.5091057644925
400,Llama2 7b - Baseline,The first digits of pi are 3.14159265358979323846264338327950288419716939937510582097494459230781640628620899862803482534211706798214808651328230664709384460955058223172535940812848111745028410270193852110555964462294895493038196442881097566593344612847564823378678316527120190914564856692346034861045432664821339360726024914127372458700660631558817488152092096282925409171536436789259036001133053054882046652138414695194151160,3.8026583056677468,400,105.18957209587097,0.2629739302396774,1.3507165908813477,0.03311491012573242,0,0,0,0.0,0.0,13749.805568,13476.831232,51.24778421844729,406.97169887613956
400,Llama2 1.1b -> 7b - Speculative,The first digits of pi are 3.14159265358979323846264338327950288419716939937510582097494459230781640628620899862803482534211706798214808651328230664709384460955058223172535940812848111745028410270193852110555964462294895493038196442881097566593344612847564823378678316527120190914564856692346034861045432664821339360726024914127372458700660631558817488152092096282925409171536436789259036001133053054882046652138414695194151160,0.36593627146036356,400,1093.0865049362183,2.7327162623405457,0.6944179534912109,0.03310418128967285,284,4001,117,940.3935492038727,152.69295573234558,15963.730944,15676.928,9.495475770710058,378.6317043586478
400,Llama2 1.1b -> 7b - Speculative with Adaptive K,The first digits of pi are 3.14159265358979323846264338327950288419716939937510582097494459230781640628620899862803482534211706798214808651328230664709384460955058223172535940812848111745028410270193852110555964462294895493038196442881097566593344612847564823378678316527120190914564856692346034861045432664821339360726024914127372458700660631558817488152092096282925409171536436789259036001133053054882046652138414695194151160,0.31945072453500933,400,1252.1492965221405,3.1303732413053513,0.6980006694793701,0.03689002990722656,285,4056,118,1098.61048746109,153.53880906105042,15963.730944,15676.928,8.396649349711225,135.8561189979199
400,Llama2 1.1b -> 7b - Speculative with KV Cache,The first digits of pi are 3.14159265358979323846264338327950288419716939937510582097494459230781640628620899862803482534211706798214808651328230664709384460955058223172535940812848111745028410270193852110555964462294895493038196442881097566593344612847564823378678316527120190914564856692346034861045432664821339360726024914127372458700660631558817488152092096282925409171536436789259036001133053054882046652138414695194151160,1.3033099629853162,400,306.9108741283417,0.7672771853208542,0.1034541130065918,0.03168225288391113,284,3940,116,138.78967833518982,168.12119579315186,15972.877312,15676.928,33.33767080717182,389.9926669727857
400,Llama2 1.1b -> 7b - Speculative with Full Decoder,The first digits of pi are 3.141592653589793238462643383279502884197169399375105820974944592307816406286208998628034825342117067982148086513282306647093844609550582231725359408128481117450284102701938521105559644622948954930381964428810975665933446128475648233786783165271201909145648566923460348610454326648213393607260249141273724587006606315588174881520920962829254091715364367892590360011330530548820466521384146951941511609,1.4291098378470957,401,280.59424781799316,0.6997362788478633,0.09733438491821289,0.03122687339782715,288,3878,113,136.55803608894348,144.03621172904968,15972.877312,15676.928,35.83415295826756,376.3652940208839
400,Llama2 1.1b - Baseline,The first digits of pi are 3 and 1. The second digit of pi is 1. The third digit of pi is 1. The fourth digit of pi is 1. The fifth digit of pi is 1. The sixth digit of pi is 1. The seventh digit of pi is 1. The eighth digit of pi is 1. The ninth digit of pi is 1. The tenth digit of pi is 1. The eleventh digit of pi is 1. The twelfth digit of pi is 1. The thirteenth digit of pi is 1. The fourteenth digit of pi is 1. The fifteenth digit of pi is 1. The sixteenth digit of pi is 1. The seventeenth digit of pi is 1. The eighteenth digit of pi is 1. The nineteenth digit of pi is 1. The twentieth digit of pi is 1. The twenty-first digit of pi is 1. The twenty-second digit of pi is 1. The twenty-third digit of pi is 1. The twenty-fourth digit of pi is 1. The twenty-fifth digit of pi is 1. The twenty-sixth digit of pi is 1. The twenty-seventh digit of pi is 1. The twenty-eighth digit of pi is 1. The twenty-ninth digit of pi is 1. The thirtieth digit of pi is 1. The thirty-first digit of pi is 1. The thirty-second digit of pi is 1. The thirty-third digit of pi is 1. The thirty-fourth digit of pi is 1. The thirty-fifth digit of pi is 1. The thirty-sixth digit of pi is 1. The thirty-seventh digit of pi is 1. The thirty-e,10.24151434891734,400,39.056724071502686,0.09764181017875671,0.49121522903442383,0.03456449508666992,0,0,0,0.0,0.0,2294.380544,2200.096768,22.532322618478663,63.65192844516583
400,Llama2 7b - Baseline,The first digits of pi are 3.14159265358979323846264338327950288419716939937510582097494459230781640628620899862803482534211706798214808651328230664709384460955058223172535940812848111745028410270193852110555964462294895493038196442881097566593344612847564823378678316527120190914564856692346034861045432664821339360726024914127372458700660631558817488152092096282925409171536436789259036001133053054882046652138414695194151160,3.4549786757021623,400,115.7749547958374,0.2894373869895935,1.936413288116455,0.03360581398010254,0,0,0,0.0,0.0,13749.805568,13476.831232,46.562164522596895,401.02677590191433
400,Llama2 1.1b -> 7b - Speculative,The first digits of pi are 3.14159265358979323846264338327950288419716939937510582097494459230781640628620899862803482534211706798214808651328230664709384460955058223172535940812848111745028410270193852110555964462294895493038196442881097566593344612847564823378678316527120190914564856692346034861045432664821339360726024914127372458700660631558817488152092096282925409171536436789259036001133053054882046652138414695194151160,0.34977262250457475,400,1143.6000826358795,2.8590002065896987,0.7557542324066162,0.036052703857421875,288,3911,114,1006.583099603653,137.01698303222656,15963.730944,15676.928,8.867555515318076,395.7040451364905
400,Llama2 1.1b -> 7b - Speculative with Adaptive K,The first digits of pi are 3.14159265358979323846264338327950288419716939937510582097494459230781640628620899862803482534211706798214808651328230664709384460955058223172535940812848111745028410270193852110555964462294895493038196442881097566593344612847564823378678316527120190914564856692346034861045432664821339360726024914127372458700660631558817488152092096282925409171536436789259036001133053054882046652138414695194151160,0.3591236911068685,400,1113.8223679065704,2.7845559197664262,0.6530108451843262,0.03556036949157715,288,3861,114,968.0074439048767,145.81492400169373,15963.730944,15676.928,9.005863655395197,92.34542445312887
400,Llama2 1.1b -> 7b - Speculative with KV Cache,The first digits of pi are 3.14159265358979323846264338327950288419716939937510582097494459230781640628620899862803482534211706798214808651328230664709384460955058223172535940812848111745028410270193852110555964462294895493038196442881097566593344612847564823378678316527120190914564856692346034861045432664821339360726024914127372458700660631558817488152092096282925409171536436789259036001133053054882046652138414695194151160,1.5550178646887127,400,257.2317714691162,0.6430794286727906,0.27043676376342773,0.03154277801513672,293,3589,107,133.97841930389404,123.25335216522217,15972.877312,15676.928,36.30254610013118,97.54005874516196
400,Llama2 1.1b -> 7b - Speculative with Full Decoder,The first digits of pi are 3.14159265358979323846264338327950288419716939937510582097494459230781640628620899862803482534211706798214808651328230664709384460955058223172535940812848111745028410270193852110555964462294895493038196442881097566593344612847564823378678316527120190914564856692346034861045432664821339360726024914127372458700660631558817488152092096282925409171536436789259036001133053054882046652138414695194151160,1.485521520404662,400,269.26570534706116,0.6731642633676529,0.06418585777282715,0.031045913696289062,289,3800,111,136.66383528709412,132.60187005996704,15972.749312,15676.928,36.604349493553414,340.49712152100795
400,Llama2 1.1b - Baseline,The first digits of pi are 3 and 1. The second digit of pi is 1. The third digit of pi is 1. The fourth digit of pi is 1. The fifth digit of pi is 1. The sixth digit of pi is 1. The seventh digit of pi is 1. The eighth digit of pi is 1. The ninth digit of pi is 1. The tenth digit of pi is 1. The eleventh digit of pi is 1. The twelfth digit of pi is 1. The thirteenth digit of pi is 1. The fourteenth digit of pi is 1. The fifteenth digit of pi is 1. The sixteenth digit of pi is 1. The seventeenth digit of pi is 1. The eighteenth digit of pi is 1. The nineteenth digit of pi is 1. The twentieth digit of pi is 1. The twenty-first digit of pi is 1. The twenty-second digit of pi is 1. The twenty-third digit of pi is 1. The twenty-fourth digit of pi is 1. The twenty-fifth digit of pi is 1. The twenty-sixth digit of pi is 1. The twenty-seventh digit of pi is 1. The twenty-eighth digit of pi is 1. The twenty-ninth digit of pi is 1. The thirtieth digit of pi is 1. The thirty-first digit of pi is 1. The thirty-second digit of pi is 1. The thirty-third digit of pi is 1. The thirty-fourth digit of pi is 1. The thirty-fifth digit of pi is 1. The thirty-sixth digit of pi is 1. The thirty-seventh digit of pi is 1. The thirty-e,9.769418033297116,400,40.94409704208374,0.10236024260520935,0.45458102226257324,0.03456473350524902,0,0,0,0.0,0.0,2294.380544,2200.096768,21.493665040297902,63.651489390649914
400,Llama2 7b - Baseline,The first digits of pi are 3.14159265358979323846264338327950288419716939937510582097494459230781640628620899862803482534211706798214808651328230664709384460955058223172535940812848111745028410270193852110555964462294895493038196442881097566593344612847564823378678316527120190914564856692346034861045432664821339360726024914127372458700660631558817488152092096282925409171536436789259036001133053054882046652138414695194151160,2.5042896547269384,400,159.72593235969543,0.3993148308992386,1.7219414710998535,0.03658771514892578,0,0,0,0.0,0.0,13749.805568,13476.831232,33.7498890327985,368.3430675335757
400,Llama2 1.1b -> 7b - Speculative,The first digits of pi are 3.14159265358979323846264338327950288419716939937510582097494459230781640628620899862803482534211706798214808651328230664709384460955058223172535940812848111745028410270193852110555964462294895493038196442881097566593344612847564823378678316527120190914564856692346034861045432664821339360726024914127372458700660631558817488152092096282925409171536436789259036001133053054882046652138414695194151160,0.34906658428321413,400,1145.913181066513,2.8647829526662827,0.5133779048919678,0.03562808036804199,282,4120,120,988.457869052887,157.4553120136261,15963.538944,15676.928,9.321490151687154,304.1219327026058
400,Llama2 1.1b -> 7b - Speculative with Adaptive K,The first digits of pi are 3.14159265358979323846264338327950288419716939937510582097494459230781640628620899862803482534211706798214808651328230664709384460955058223172535940812848111745028410270193852110555964462294895493038196442881097566593344612847564823378678316527120190914564856692346034861045432664821339360726024914127372458700660631558817488152092096282925409171536436789259036001133053054882046652138414695194151160,0.36533204335059966,400,1094.8943769931793,2.737235942482948,0.5329389572143555,0.035613059997558594,289,3897,112,964.4197993278503,130.47457766532898,15963.730944,15676.928,9.209273894136377,192.3861176036027
400,Llama2 1.1b -> 7b - Speculative with KV Cache,The first digits of pi are 3.14159265358979323846264338327950288419716939937510582097494459230781640628620899862803482534211706798214808651328230664709384460955058223172535940812848111745028410270193852110555964462294895493038196442881097566593344612847564823378678316527120190914564856692346034861045432664821339360726024914127372458700660631558817488152092096282925409171536436789259036001133053054882046652138414695194151160,1.4378032211423506,400,278.20218658447266,0.6955054664611816,0.08533239364624023,0.03153395652770996,282,4023,118,149.08092665672302,129.12125992774963,15972.877312,15676.928,37.53117655626205,244.09549966404774
400,Llama2 1.1b -> 7b - Speculative with Full Decoder,The first digits of pi are 3.14159265358979323846264338327950288419716939937510582097494459230781640628620899862803482534211706798214808651328230664709384460955058223172535940812848111745028410270193852110555964462294895493038196442881097566593344612847564823378678316527120190914564856692346034861045432664821339360726024914127372458700660631558817488152092096282925409171536436789259036001133053054882046652138414695194151160,1.4717797692092704,400,271.7797923088074,0.6794494807720184,0.10335159301757812,0.031041383743286133,286,3923,114,143.25762724876404,128.52216506004333,15972.877312,15676.928,37.410207340799836,94.28562135532633
400,Llama2 1.1b - Baseline,The first digits of pi are 3 and 1. The second digit of pi is 1. The third digit of pi is 1. The fourth digit of pi is 1. The fifth digit of pi is 1. The sixth digit of pi is 1. The seventh digit of pi is 1. The eighth digit of pi is 1. The ninth digit of pi is 1. The tenth digit of pi is 1. The eleventh digit of pi is 1. The twelfth digit of pi is 1. The thirteenth digit of pi is 1. The fourteenth digit of pi is 1. The fifteenth digit of pi is 1. The sixteenth digit of pi is 1. The seventeenth digit of pi is 1. The eighteenth digit of pi is 1. The nineteenth digit of pi is 1. The twentieth digit of pi is 1. The twenty-first digit of pi is 1. The twenty-second digit of pi is 1. The twenty-third digit of pi is 1. The twenty-fourth digit of pi is 1. The twenty-fifth digit of pi is 1. The twenty-sixth digit of pi is 1. The twenty-seventh digit of pi is 1. The twenty-eighth digit of pi is 1. The twenty-ninth digit of pi is 1. The thirtieth digit of pi is 1. The thirty-first digit of pi is 1. The thirty-second digit of pi is 1. The thirty-third digit of pi is 1. The thirty-fourth digit of pi is 1. The thirty-fifth digit of pi is 1. The thirty-sixth digit of pi is 1. The thirty-seventh digit of pi is 1. The thirty-e,10.65098094544551,400,37.55522632598877,0.09388806581497193,0.41274118423461914,0.03461027145385742,0,0,0,0.0,0.0,2294.380544,2200.096768,23.43318875410425,63.567740892560735
400,Llama2 7b - Baseline,The first digits of pi are 3.14159265358979323846264338327950288419716939937510582097494459230781640628620899862803482534211706798214808651328230664709384460955058223172535940812848111745028410270193852110555964462294895493038196442881097566593344612847564823378678316527120190914564856692346034861045432664821339360726024914127372458700660631558817488152092096282925409171536436789259036001133053054882046652138414695194151160,2.997342647070838,400,133.4515426158905,0.33362885653972624,1.8411505222320557,0.036112070083618164,0,0,0,0.0,0.0,13749.805568,13476.831232,40.394680999049825,373.1946465764535
400,Llama2 1.1b -> 7b - Speculative,The first digits of pi are 3.14159265358979323846264338327950288419716939937510582097494459230781640628620899862803482534211706798214808651328230664709384460955058223172535940812848111745028410270193852110555964462294895493038196442881097566593344612847564823378678316527120190914564856692346034861045432664821339360726024914127372458700660631558817488152092096282925409171536436789259036001133053054882046652138414695194151160,0.368874698364003,400,1084.3790636062622,2.7109476590156554,0.5513603687286377,0.03604698181152344,284,3901,116,953.3710508346558,131.00801277160645,15963.538944,15676.928,9.35640520496435,111.0047055084188
400,Llama2 1.1b -> 7b - Speculative with Adaptive K,The first digits of pi are 3.14159265358979323846264338327950288419716939937510582097494459230781640628620899862803482534211706798214808651328230664709384460955058223172535940812848111745028410270193852110555964462294895493038196442881097566593344612847564823378678316527120190914564856692346034861045432664821339360726024914127372458700660631558817488152092096282925409171536436789259036001133053054882046652138414695194151160,0.38785703184263365,400,1031.3078458309174,2.578269614577293,0.5745046138763428,0.03505992889404297,293,3833,110,901.4149510860443,129.89289474487305,15963.730944,15676.928,9.614415702689836,138.62888324635813
400,Llama2 1.1b -> 7b - Speculative with KV Cache,The first digits of pi are 3.14159265358979323846264338327950288419716939937510582097494459230781640628620899862803482534211706798214808651328230664709384460955058223172535940812848111745028410270193852110555964462294895493038196442881097566593344612847564823378678316527120190914564856692346034861045432664821339360726024914127372458700660631558817488152092096282925409171536436789259036001133053054882046652138414695194151160,1.5380458093286102,400,260.0702772140503,0.6501756930351257,0.22551870346069336,0.031179428100585938,283,3923,117,143.4915668964386,116.5787103176117,15972.941312,15676.928,39.25004035200269,331.57314811120807
400,Llama2 1.1b -> 7b - Speculative with Full Decoder,The first digits of pi are 3.14159265358979323846264338327950288419716939937510582097494459230781640628620899862803482534211706798214808651328230664709384460955058223172535940812848111745028410270193852110555964462294895493038196442881097566593344612847564823378678316527120190914564856692346034861045432664821339360726024914127372458700660631558817488152092096282925409171536436789259036001133053054882046652138414695194151160,1.475090603198686,400,271.1697838306427,0.6779244595766067,0.19690895080566406,0.030827045440673828,282,3968,118,143.33647179603577,127.83331203460693,15972.877312,15676.928,38.05825971836686,340.24707548035616
400,Llama2 1.1b - Baseline,The first digits of pi are 3 and 1. The second digit of pi is 1. The third digit of pi is 1. The fourth digit of pi is 1. The fifth digit of pi is 1. The sixth digit of pi is 1. The seventh digit of pi is 1. The eighth digit of pi is 1. The ninth digit of pi is 1. The tenth digit of pi is 1. The eleventh digit of pi is 1. The twelfth digit of pi is 1. The thirteenth digit of pi is 1. The fourteenth digit of pi is 1. The fifteenth digit of pi is 1. The sixteenth digit of pi is 1. The seventeenth digit of pi is 1. The eighteenth digit of pi is 1. The nineteenth digit of pi is 1. The twentieth digit of pi is 1. The twenty-first digit of pi is 1. The twenty-second digit of pi is 1. The twenty-third digit of pi is 1. The twenty-fourth digit of pi is 1. The twenty-fifth digit of pi is 1. The twenty-sixth digit of pi is 1. The twenty-seventh digit of pi is 1. The twenty-eighth digit of pi is 1. The twenty-ninth digit of pi is 1. The thirtieth digit of pi is 1. The thirty-first digit of pi is 1. The thirty-second digit of pi is 1. The thirty-third digit of pi is 1. The thirty-fourth digit of pi is 1. The thirty-fifth digit of pi is 1. The thirty-sixth digit of pi is 1. The thirty-seventh digit of pi is 1. The thirty-e,10.544575599683512,400,37.93419623374939,0.09483549058437347,0.4431285858154297,0.034064531326293945,0,0,0,0.0,0.0,2294.380544,2200.096768,23.199086696795355,64.586145246677
400,Llama2 7b - Baseline,The first digits of pi are 3.14159265358979323846264338327950288419716939937510582097494459230781640628620899862803482534211706798214808651328230664709384460955058223172535940812848111745028410270193852110555964462294895493038196442881097566593344612847564823378678316527120190914564856692346034861045432664821339360726024914127372458700660631558817488152092096282925409171536436789259036001133053054882046652138414695194151160,3.2966153820168325,400,121.33656907081604,0.3033414226770401,1.848524808883667,0.03860664367675781,0,0,0,0.0,0.0,13749.805568,13476.831232,44.427929140256055,349.0806231393121
400,Llama2 1.1b -> 7b - Speculative,The first digits of pi are 3.14159265358979323846264338327950288419716939937510582097494459230781640628620899862803482534211706798214808651328230664709384460955058223172535940812848111745028410270193852110555964462294895493038196442881097566593344612847564823378678316527120190914564856692346034861045432664821339360726024914127372458700660631558817488152092096282925409171536436789259036001133053054882046652138414695194151160,0.35649696480475235,400,1122.029188156128,2.8050729703903197,0.5447847843170166,0.03554582595825195,284,4032,119,997.3067858219147,124.72240233421326,15963.538944,15676.928,9.335348131537637,191.9686169782123
400,Llama2 1.1b -> 7b - Speculative with Adaptive K,The first digits of pi are 3.14159265358979323846264338327950288419716939937510582097494459230781640628620899862803482534211706798214808651328230664709384460955058223172535940812848111745028410270193852110555964462294895493038196442881097566593344612847564823378678316527120190914564856692346034861045432664821339360726024914127372458700660631558817488152092096282925409171536436789259036001133053054882046652138414695194151160,0.3444554850823393,400,1161.2531003952026,2.9031327509880067,0.6320590972900391,0.03564310073852539,283,4126,118,1026.8517429828644,134.40135741233826,15963.538944,15676.928,9.186511834942328,363.05084326417676
400,Llama2 1.1b -> 7b - Speculative with KV Cache,The first digits of pi are 3.14159265358979323846264338327950288419716939937510582097494459230781640628620899862803482534211706798214808651328230664709384460955058223172535940812848111745028410270193852110555964462294895493038196442881097566593344612847564823378678316527120190914564856692346034861045432664821339360726024914127372458700660631558817488152092096282925409171536436789259036001133053054882046652138414695194151160,1.4518697606913027,400,275.50680565834045,0.6887670141458512,0.22367167472839355,0.03140735626220703,279,4118,121,153.56430172920227,121.94250392913818,15972.877312,15676.928,38.803742231158054,329.08107483715065
400,Llama2 1.1b -> 7b - Speculative with Full Decoder,The first digits of pi are 3.14159265358979323846264338327950288419716939937510582097494459230781640628620899862803482534211706798214808651328230664709384460955058223172535940812848111745028410270193852110555964462294895493038196442881097566593344612847564823378678316527120190914564856692346034861045432664821339360726024914127372458700660631558817488152092096282925409171536436789259036001133053054882046652138414695194151160,1.512694117284686,400,264.42887258529663,0.6610721814632415,0.14166998863220215,0.031412363052368164,282,4071,118,151.10938215255737,113.31949043273926,15972.877312,15676.928,39.88543280008845,211.29292005092077
